{
  "0.001": {
    "logical_error_rate": 0.0,
    "recall": 0.9999999996428571,
    "precision": 0.9999999996428571
  },
  "0.005": {
    "logical_error_rate": 0.0,
    "recall": 0.9999999999363057,
    "precision": 0.9999999999363057
  },
  "0.01": {
    "logical_error_rate": 0.0004,
    "recall": 0.9970760233626585,
    "precision": 0.9970760233626585
  },
  "0.03": {
    "logical_error_rate": 0.0044,
    "recall": 0.9836829836715189,
    "precision": 0.9906103286268707
  },
  "0.05": {
    "logical_error_rate": 0.0138,
    "recall": 0.9620462046125244,
    "precision": 0.9806560134484387
  },
  "0.1": {
    "logical_error_rate": 0.0914,
    "recall": 0.8668796592073117,
    "precision": 0.8871934604856284
  }
}