{
  "BaselineA": {
    "0.001": {
      "logical_error_rate": 0.0,
      "recall": 0.9999999997142857,
      "precision": 0.9999999997142857
    },
    "0.005": {
      "logical_error_rate": 0.0,
      "recall": 0.9999999999408283,
      "precision": 0.9999999999408283
    },
    "0.01": {
      "logical_error_rate": 0.0,
      "recall": 0.9999999999656357,
      "precision": 0.9999999999656357
    },
    "0.03": {
      "logical_error_rate": 0.0064,
      "recall": 0.9775413711468376,
      "precision": 0.984523809512089
    },
    "0.05": {
      "logical_error_rate": 0.021,
      "recall": 0.9583987441055072,
      "precision": 0.9591516103616721
    },
    "0.1": {
      "logical_error_rate": 0.134,
      "recall": 0.8256646216726705,
      "precision": 0.8307613168681546
    }
  },
  "BaselineB": {
    "0.001": {
      "logical_error_rate": 0.0,
      "recall": 0.9999999997142857,
      "precision": 0.9999999997142857
    },
    "0.005": {
      "logical_error_rate": 0.0002,
      "recall": 0.9940828401778649,
      "precision": 0.9999999999404762
    },
    "0.01": {
      "logical_error_rate": 0.0004,
      "recall": 0.9965635738489154,
      "precision": 0.9965635738489154
    },
    "0.03": {
      "logical_error_rate": 0.0036,
      "recall": 0.9917257683097904,
      "precision": 0.9870588235177993
    },
    "0.05": {
      "logical_error_rate": 0.0122,
      "recall": 0.9827315541524119,
      "precision": 0.9697908597910939
    },
    "0.1": {
      "logical_error_rate": 0.0434,
      "recall": 0.9498977505063911,
      "precision": 0.9398077895754183
    }
  },
  "ProposedModel": {
    "0.001": {
      "logical_error_rate": 0.0,
      "recall": 0.9999999997142857,
      "precision": 0.9999999997142857
    },
    "0.005": {
      "logical_error_rate": 0.0,
      "recall": 0.9999999999408283,
      "precision": 0.9999999999408283
    },
    "0.01": {
      "logical_error_rate": 0.0,
      "recall": 0.9999999999656357,
      "precision": 0.9999999999656357
    },
    "0.03": {
      "logical_error_rate": 0.0062,
      "recall": 0.979905437340663,
      "precision": 0.9833926453026881
    },
    "0.05": {
      "logical_error_rate": 0.0172,
      "recall": 0.962323390887266,
      "precision": 0.969936708853086
    },
    "0.1": {
      "logical_error_rate": 0.1362,
      "recall": 0.8031697341472231,
      "precision": 0.841456882695011
    }
  },
  "ProposedModel_lambda_sweep": {
    "0.01": {
      "best_val_loss": 0.06696192825379936,
      "test": {
        "0.001": {
          "logical_error_rate": 0.0,
          "recall": 0.9999999997142857,
          "precision": 0.9999999997142857
        },
        "0.005": {
          "logical_error_rate": 0.0,
          "recall": 0.9999999999408283,
          "precision": 0.9999999999408283
        },
        "0.01": {
          "logical_error_rate": 0.0,
          "recall": 0.9999999999656357,
          "precision": 0.9999999999656357
        },
        "0.03": {
          "logical_error_rate": 0.0062,
          "recall": 0.979905437340663,
          "precision": 0.9833926453026881
        },
        "0.05": {
          "logical_error_rate": 0.0172,
          "recall": 0.962323390887266,
          "precision": 0.969936708853086
        },
        "0.1": {
          "logical_error_rate": 0.1362,
          "recall": 0.8031697341472231,
          "precision": 0.841456882695011
        }
      }
    },
    "0.1": {
      "best_val_loss": 0.0684922347521099,
      "test": {
        "0.001": {
          "logical_error_rate": 0.0,
          "recall": 0.9999999997142857,
          "precision": 0.9999999997142857
        },
        "0.005": {
          "logical_error_rate": 0.0,
          "recall": 0.9999999999408283,
          "precision": 0.9999999999408283
        },
        "0.01": {
          "logical_error_rate": 0.0,
          "recall": 0.9999999999656357,
          "precision": 0.9999999999656357
        },
        "0.03": {
          "logical_error_rate": 0.0068,
          "recall": 0.9763593380499248,
          "precision": 0.983333333321627
        },
        "0.05": {
          "logical_error_rate": 0.018,
          "recall": 0.9568288853928036,
          "precision": 0.9720893141868255
        },
        "0.1": {
          "logical_error_rate": 0.13,
          "recall": 0.8154396727974671,
          "precision": 0.8466029723946571
        }
      }
    },
    "0.5": {
      "best_val_loss": 0.06990739531340077,
      "test": {
        "0.001": {
          "logical_error_rate": 0.0,
          "recall": 0.9999999997142857,
          "precision": 0.9999999997142857
        },
        "0.005": {
          "logical_error_rate": 0.0,
          "recall": 0.9999999999408283,
          "precision": 0.9999999999408283
        },
        "0.01": {
          "logical_error_rate": 0.0,
          "recall": 0.9999999999656357,
          "precision": 0.9999999999656357
        },
        "0.03": {
          "logical_error_rate": 0.0062,
          "recall": 0.979905437340663,
          "precision": 0.9833926453026881
        },
        "0.05": {
          "logical_error_rate": 0.0184,
          "recall": 0.9583987441055072,
          "precision": 0.9690476190399283
        },
        "0.1": {
          "logical_error_rate": 0.1316,
          "recall": 0.8164621676849875,
          "precision": 0.8422995780546293
        }
      }
    },
    "1.0": {
      "best_val_loss": 0.07173726325659081,
      "test": {
        "0.001": {
          "logical_error_rate": 0.0,
          "recall": 0.9999999997142857,
          "precision": 0.9999999997142857
        },
        "0.005": {
          "logical_error_rate": 0.0,
          "recall": 0.9999999999408283,
          "precision": 0.9999999999408283
        },
        "0.01": {
          "logical_error_rate": 0.0,
          "recall": 0.9999999999656357,
          "precision": 0.9999999999656357
        },
        "0.03": {
          "logical_error_rate": 0.0076,
          "recall": 0.9763593380499248,
          "precision": 0.9786729857703949
        },
        "0.05": {
          "logical_error_rate": 0.0192,
          "recall": 0.959183673461859,
          "precision": 0.9652448657111751
        },
        "0.1": {
          "logical_error_rate": 0.1338,
          "recall": 0.8062372188097842,
          "precision": 0.8446705945321658
        }
      }
    }
  },
  "best_lambda": 0.01
}